<?xml version="1.0" encoding="UTF-8"?>
<project-private xmlns="http://www.netbeans.org/ns/project-private/1">
    <editor-bookmarks xmlns="http://www.netbeans.org/ns/editor-bookmarks/2" lastBookmarkId="0"/>
    <open-files xmlns="http://www.netbeans.org/ns/projectui-open-files/2">
        <group>
            <file>file:/C:/Users/Yohan/Desktop/Hatihati/src/hatihati/Door.java</file>
            <file>file:/C:/Users/Yohan/Desktop/Hatihati/src/Air.java</file>
            <file>file:/C:/Users/Yohan/Desktop/Hatihati/src/Sepatuapi.java</file>
            <file>file:/C:/Users/Yohan/Desktop/Hatihati/src/hatihati/Api.java</file>
            <file>file:/C:/Users/Yohan/Desktop/Hatihati/src/SepatuAir.java</file>
            <file>file:/C:/Users/Yohan/Desktop/Hatihati/src/hatihati/World.java</file>
            <file>file:/C:/Users/Yohan/Desktop/Hatihati/nbproject/build-impl.xml</file>
            <file>file:/C:/Users/Yohan/Desktop/Hatihati/src/hatihati/Play.java</file>
        </group>
    </open-files>
</project-private>
